specimen_id,beta_deg,a_mm,role,active_pair,ext_xn_mm,level_kind,load_fraction,P_kN,frame,CSD_W_um,COD_um,R_III,nA,nB
0-4-1,0,4,identification,1,15.747188,boundary_condition,0.000000,0.000000,1,0.000000,0.000000,,0,0
0-4-1,0,4,identification,1,15.747188,measured,0.199700,0.697885,1,0.000000,0.000000,,16,16
0-4-1,0,4,identification,1,15.747188,measured,0.500000,1.747500,648,19.092354,-0.932688,20.470246,16,16
0-4-1,0,4,identification,1,15.747188,measured,0.700000,2.446500,822,21.528143,-0.374715,57.452120,16,16
0-4-1,0,4,identification,1,15.747188,measured,0.850000,2.970750,938,22.534923,-0.047091,478.538446,16,16
0-4-1,0,4,identification,1,15.747188,measured,0.950000,3.320250,1016,24.838950,0.381156,65.167407,16,16
0-4-1,0,4,identification,1,15.747188,measured,1.000000,3.495000,1054,24.684207,0.726751,33.965171,16,16
0-4-2,0,4,identification,1,15.811464,boundary_condition,0.000000,0.000000,1,0.000000,0.000000,,0,0
0-4-2,0,4,identification,1,15.811464,measured,0.225100,0.692547,1,0.000000,0.000000,,16,16
0-4-2,0,4,identification,1,15.811464,measured,0.500000,1.538500,327,-2.179209,-0.315573,6.905573,16,16
0-4-2,0,4,identification,1,15.811464,measured,0.700000,2.153900,518,-3.005550,-0.452198,6.646540,16,16
0-4-2,0,4,identification,1,15.811464,measured,0.850000,2.615450,654,-5.292235,-0.069710,75.917718,16,16
0-4-2,0,4,identification,1,15.811464,measured,0.950000,2.923150,738,-10.407247,-1.158102,8.986472,16,16
0-4-2,0,4,identification,1,15.811464,measured,1.000000,3.077000,780,-10.723836,-1.631303,6.573788,16,16
0-4-3,0,4,held_out,5,-15.553106,boundary_condition,0.000000,0.000000,1,0.000000,0.000000,,0,0
0-4-3,0,4,held_out,5,-15.553106,measured,0.292000,0.948202,1,0.000000,0.000000,,16,14
0-4-3,0,4,held_out,5,-15.553106,measured,0.500000,1.623500,167,-4.002315,-1.400523,2.857728,16,14
0-4-3,0,4,held_out,5,-15.553106,measured,0.700000,2.272900,302,-1.765755,-0.364390,4.845778,16,14
0-4-3,0,4,held_out,5,-15.553106,measured,0.850000,2.759950,394,-2.359593,0.100777,23.413889,16,14
0-4-3,0,4,held_out,5,-15.553106,measured,0.950000,3.084650,452,-4.787147,0.754885,6.341558,16,14
0-4-3,0,4,held_out,5,-15.553106,measured,1.000000,3.247000,481,-4.390648,0.937050,4.685606,16,14
0-6-3,0,6,held_out,1,15.981251,boundary_condition,0.000000,0.000000,1,0.000000,0.000000,,0,0
0-6-3,0,6,held_out,1,15.981251,measured,0.357500,0.930541,1,0.000000,0.000000,,16,15
0-6-3,0,6,held_out,1,15.981251,measured,0.500000,1.301500,96,1.164648,0.391568,2.974317,16,15
0-6-3,0,6,held_out,1,15.981251,measured,0.700000,1.822100,212,1.825953,0.691619,2.640114,16,15
0-6-3,0,6,held_out,1,15.981251,measured,0.850000,2.212550,292,0.960578,0.768584,1.249802,16,15
0-6-3,0,6,held_out,1,15.981251,measured,0.950000,2.472850,343,1.730443,0.899835,1.923066,16,15
0-6-3,0,6,held_out,1,15.981251,measured,1.000000,2.603000,369,-1.024702,0.875938,1.169834,16,15
0-8-1,0,8,identification,5,-15.425326,boundary_condition,0.000000,0.000000,1,0.000000,0.000000,,0,0
0-8-1,0,8,identification,5,-15.425326,measured,0.361100,0.788214,1,0.000000,0.000000,,15,15
0-8-1,0,8,identification,5,-15.425326,measured,0.500000,1.091500,112,4.343702,0.668033,6.502226,15,15
0-8-1,0,8,identification,5,-15.425326,measured,0.700000,1.528100,280,8.678067,-0.004293,2021.441843,15,15
0-8-1,0,8,identification,5,-15.425326,measured,0.850000,1.855550,394,9.470314,-0.104011,91.050713,15,15
0-8-1,0,8,identification,5,-15.425326,measured,0.950000,2.073850,466,10.392443,-0.278667,37.293419,15,15
0-8-1,0,8,identification,5,-15.425326,measured,1.000000,2.183000,501,10.162256,-0.462734,21.961334,15,15
0-8-2,0,8,identification,1,15.705447,boundary_condition,0.000000,0.000000,1,0.000000,0.000000,,0,0
0-8-2,0,8,identification,1,15.705447,measured,0.408700,0.830950,1,0.000000,0.000000,,16,16
0-8-2,0,8,identification,1,15.705447,measured,0.500000,1.016500,68,2.703628,0.440922,6.131765,16,16
0-8-2,0,8,identification,1,15.705447,measured,0.700000,1.423100,196,5.060426,0.102938,49.159905,16,16
0-8-2,0,8,identification,1,15.705447,measured,0.850000,1.728050,282,6.170414,-0.150539,40.988787,16,16
0-8-2,0,8,identification,1,15.705447,measured,0.950000,1.931350,332,7.331847,-0.526289,13.931221,16,16
0-8-2,0,8,identification,1,15.705447,measured,1.000000,2.033000,358,8.351619,-0.580027,14.398673,16,16
0-8-3,0,8,held_out,1,15.538346,boundary_condition,0.000000,0.000000,1,0.000000,0.000000,,0,0
0-8-3,0,8,held_out,1,15.538346,measured,0.275800,0.539162,1,0.000000,0.000000,,16,15
0-8-3,0,8,held_out,1,15.538346,measured,0.500000,0.977500,236,5.189437,-0.562977,9.217844,16,15
0-8-3,0,8,held_out,1,15.538346,measured,0.700000,1.368500,318,8.362072,-0.798587,10.471086,16,15
0-8-3,0,8,held_out,1,15.538346,measured,0.850000,1.661750,375,8.284017,-0.801448,10.336318,16,15
0-8-3,0,8,held_out,1,15.538346,measured,0.950000,1.857250,412,9.631263,-0.855579,11.257009,16,15
0-8-3,0,8,held_out,1,15.538346,measured,1.000000,1.955000,431,11.011598,-0.881232,12.495687,16,15
45-4-1,45,4,identification,1,14.916527,boundary_condition,0.000000,0.000000,1,0.000000,0.000000,,0,0
45-4-1,45,4,identification,1,14.916527,measured,0.321600,2.126631,1,0.000000,0.000000,,16,14
45-4-1,45,4,identification,1,14.916527,measured,0.500000,3.306000,88,14.000177,3.448081,4.060280,16,14
45-4-1,45,4,identification,1,14.916527,measured,0.700000,4.628400,180,9.095697,1.846487,4.925947,16,14
45-4-1,45,4,identification,1,14.916527,measured,0.850000,5.620200,240,8.863027,1.942089,4.563656,16,14
45-4-1,45,4,identification,1,14.916527,measured,0.950000,6.281400,278,9.391308,1.853517,5.066750,16,14
45-4-1,45,4,identification,1,14.916527,measured,1.000000,6.612000,296,9.749049,1.947657,5.005526,16,14
45-4-2,45,4,identification,1,15.469544,boundary_condition,0.000000,0.000000,1,0.000000,0.000000,,0,0
45-4-2,45,4,identification,1,15.469544,measured,0.385400,2.825118,1,0.000000,0.000000,,16,15
45-4-2,45,4,identification,1,15.469544,measured,0.500000,3.665500,116,0.461448,-0.036485,12.647553,16,15
45-4-2,45,4,identification,1,15.469544,measured,0.700000,5.131700,297,1.299112,-0.043612,29.788264,16,15
45-4-2,45,4,identification,1,15.469544,measured,0.850000,6.231350,414,3.475768,-0.263531,13.189235,16,15
45-4-2,45,4,identification,1,15.469544,measured,0.950000,6.964450,492,-0.382757,-0.463704,0.825434,16,15
45-4-2,45,4,identification,1,15.469544,measured,1.000000,7.331000,531,5.100277,-0.733218,6.956017,16,15
45-4-3,45,4,held_out,1,15.452853,boundary_condition,0.000000,0.000000,1,0.000000,0.000000,,0,0
45-4-3,45,4,held_out,1,15.452853,measured,0.360000,2.609014,1,0.000000,0.000000,,16,15
45-4-3,45,4,held_out,1,15.452853,measured,0.500000,3.623500,80,7.287922,2.098927,3.472214,16,15
45-4-3,45,4,held_out,1,15.452853,measured,0.700000,5.072900,180,7.649437,2.000283,3.824178,16,15
45-4-3,45,4,held_out,1,15.452853,measured,0.850000,6.159950,248,8.089485,1.955999,4.135730,16,15
45-4-3,45,4,held_out,1,15.452853,measured,0.950000,6.884650,292,6.826737,1.948825,3.503001,16,15
45-4-3,45,4,held_out,1,15.452853,measured,1.000000,7.247000,314,8.605391,1.673768,5.141329,16,15
45-6-1,45,6,identification,5,-15.310138,boundary_condition,0.000000,0.000000,1,0.000000,0.000000,,0,0
45-6-1,45,6,identification,5,-15.310138,measured,0.270300,1.223512,1,0.000000,0.000000,,17,16
45-6-1,45,6,identification,5,-15.310138,measured,0.500000,2.263500,202,-3.435347,0.230667,14.893110,17,16
45-6-1,45,6,identification,5,-15.310138,measured,0.700000,3.168900,350,-4.373898,0.250249,17.478180,17,16
45-6-1,45,6,identification,5,-15.310138,measured,0.850000,3.847950,458,-3.410470,0.429892,7.933323,17,16
45-6-1,45,6,identification,5,-15.310138,measured,0.950000,4.300650,531,-4.068469,0.664695,6.120807,17,16
45-6-1,45,6,identification,5,-15.310138,measured,1.000000,4.527000,567,-3.769472,0.498134,7.567186,17,16
45-6-2,45,6,identification,1,15.359391,boundary_condition,0.000000,0.000000,1,0.000000,0.000000,,0,0
45-6-2,45,6,identification,1,15.359391,measured,0.328700,1.544698,1,-2.240590,-0.211214,10.608168,16,15
45-6-2,45,6,identification,1,15.359391,measured,0.500000,2.349500,188,-0.034947,-0.050293,0.694877,16,15
45-6-2,45,6,identification,1,15.359391,measured,0.700000,3.289300,397,-0.203060,0.287303,0.706780,16,15
45-6-2,45,6,identification,1,15.359391,measured,0.850000,3.994150,535,0.008188,0.113458,0.072172,16,15
45-6-2,45,6,identification,1,15.359391,measured,0.950000,4.464050,618,-0.262412,-0.387539,0.677124,16,15
45-6-2,45,6,identification,1,15.359391,measured,1.000000,4.699000,660,1.914253,-0.916617,2.088389,16,15
45-8-1,45,8,identification,5,-15.742994,boundary_condition,0.000000,0.000000,1,0.000000,0.000000,,0,0
45-8-1,45,8,identification,5,-15.742994,measured,0.263700,1.064861,1,0.000000,0.000000,,17,15
45-8-1,45,8,identification,5,-15.742994,measured,0.500000,2.019000,374,-11.220522,3.271781,3.429485,17,15
45-8-1,45,8,identification,5,-15.742994,measured,0.700000,2.826600,467,-10.543036,3.124243,3.374589,17,15
45-8-1,45,8,identification,5,-15.742994,measured,0.850000,3.432300,515,-10.019475,3.340219,2.999646,17,15
45-8-1,45,8,identification,5,-15.742994,measured,0.950000,3.836100,547,-10.124073,3.289721,3.077487,17,15
45-8-1,45,8,identification,5,-15.742994,measured,1.000000,4.038000,563,-10.263786,3.288658,3.120965,17,15
45-8-2,45,8,identification,1,15.697522,boundary_condition,0.000000,0.000000,1,0.000000,0.000000,,0,0
45-8-2,45,8,identification,1,15.697522,measured,0.234500,0.839415,1,0.000000,0.000000,,16,15
45-8-2,45,8,identification,1,15.697522,measured,0.500000,1.789500,219,4.953978,-0.834290,5.937960,16,15
45-8-2,45,8,identification,1,15.697522,measured,0.700000,2.505300,290,7.769347,-1.123174,6.917312,16,15
45-8-2,45,8,identification,1,15.697522,measured,0.850000,3.042150,335,9.839636,-1.445562,6.806789,16,15
45-8-2,45,8,identification,1,15.697522,measured,0.950000,3.400050,366,13.046282,-1.446814,9.017249,16,15
45-8-2,45,8,identification,1,15.697522,measured,1.000000,3.579000,382,12.572008,-1.968739,6.385816,16,15
90-4-1,90,4,identification,1,15.810968,boundary_condition,0.000000,0.000000,1,0.000000,0.000000,,0,0
90-4-1,90,4,identification,1,15.810968,measured,0.230200,3.227446,1,0.000000,0.000000,,17,15
90-4-1,90,4,identification,1,15.810968,measured,0.500000,7.010000,690,-8.133651,-0.769191,10.574290,17,15
90-4-1,90,4,identification,1,15.810968,measured,0.700000,9.814000,1012,-6.696192,-1.017990,6.577855,17,15
90-4-1,90,4,identification,1,15.810968,measured,0.850000,11.917000,1216,-5.809040,-1.534870,3.784712,17,15
90-4-1,90,4,identification,1,15.810968,measured,0.950000,13.319000,1344,-6.330485,-1.497666,4.226901,17,15
90-4-1,90,4,identification,1,15.810968,measured,1.000000,14.020000,1409,-6.127588,-1.576585,3.886620,17,15
90-4-2,90,4,identification,5,-15.590746,boundary_condition,0.000000,0.000000,1,0.000000,0.000000,,0,0
90-4-2,90,4,identification,5,-15.590746,measured,0.131400,1.567124,1,0.000000,0.000000,,15,14
90-4-2,90,4,identification,5,-15.590746,measured,0.500000,5.963000,776,8.074929,0.385346,20.955006,15,14
90-4-2,90,4,identification,5,-15.590746,measured,0.700000,8.348200,1092,8.939534,1.165053,7.673069,15,14
90-4-2,90,4,identification,5,-15.590746,measured,0.850000,10.137100,1315,9.443526,1.884993,5.009846,15,14
90-4-2,90,4,identification,5,-15.590746,measured,0.950000,11.329700,1453,8.654536,2.454566,3.525893,15,14
90-4-2,90,4,identification,5,-15.590746,measured,1.000000,11.926000,1522,8.036024,2.768849,2.902298,15,14
90-4-3,90,4,held_out,1,15.122499,boundary_condition,0.000000,0.000000,1,0.000000,0.000000,,0,0
90-4-3,90,4,held_out,1,15.122499,measured,0.149300,1.910029,1,0.000000,0.000000,,16,15
90-4-3,90,4,held_out,1,15.122499,measured,0.500000,6.398500,691,8.728086,-0.232817,37.489018,16,15
90-4-3,90,4,held_out,1,15.122499,measured,0.700000,8.957900,964,9.851872,-0.118534,83.114234,16,15
90-4-3,90,4,held_out,1,15.122499,measured,0.850000,10.877450,1155,11.824086,-0.154622,76.471054,16,15
90-4-3,90,4,held_out,1,15.122499,measured,0.950000,12.157150,1279,12.303092,-0.067481,182.319818,16,15
90-4-3,90,4,held_out,1,15.122499,measured,1.000000,12.797000,1341,12.725166,-0.046065,276.244205,16,15
90-6-1,90,6,identification,1,15.938862,boundary_condition,0.000000,0.000000,1,0.000000,0.000000,,0,0
90-6-1,90,6,identification,1,15.938862,measured,0.291100,2.843434,1,0.000000,0.000000,,16,17
90-6-1,90,6,identification,1,15.938862,measured,0.500000,4.884500,325,1.339280,0.619724,2.161092,16,17
90-6-1,90,6,identification,1,15.938862,measured,0.700000,6.838300,644,2.020896,0.806377,2.506143,16,17
90-6-1,90,6,identification,1,15.938862,measured,0.850000,8.303650,861,1.819775,0.641651,2.836083,16,17
90-6-1,90,6,identification,1,15.938862,measured,0.950000,9.280550,989,1.567290,0.339362,4.618338,16,17
90-6-1,90,6,identification,1,15.938862,measured,1.000000,9.769000,1053,2.101670,0.304391,6.904503,16,17
90-6-2,90,6,identification,1,15.606601,boundary_condition,0.000000,0.000000,1,0.000000,0.000000,,0,0
90-6-2,90,6,identification,1,15.606601,measured,0.230900,1.914424,1,0.000000,0.000000,,17,15
90-6-2,90,6,identification,1,15.606601,measured,0.500000,4.146000,758,8.439137,2.847885,2.963299,17,15
90-6-2,90,6,identification,1,15.606601,measured,0.700000,5.804400,1044,9.609294,3.142980,3.057383,17,15
90-6-2,90,6,identification,1,15.606601,measured,0.850000,7.048200,1338,9.842159,2.864045,3.436454,17,15
90-6-2,90,6,identification,1,15.606601,measured,0.950000,7.877400,1680,11.395381,1.136119,10.030093,17,15
90-6-2,90,6,identification,1,15.606601,measured,1.000000,8.292000,1850,11.068659,-3.728830,2.968400,17,15
90-6-3,90,6,held_out,1,15.994719,boundary_condition,0.000000,0.000000,1,0.000000,0.000000,,0,0
90-6-3,90,6,held_out,1,15.994719,measured,0.225700,2.203421,1,0.000000,0.000000,,16,14
90-6-3,90,6,held_out,1,15.994719,measured,0.500000,4.881500,894,-4.605168,0.187998,24.495881,16,14
90-6-3,90,6,held_out,1,15.994719,measured,0.700000,6.834100,1207,-1.956885,0.278018,7.038710,16,14
90-6-3,90,6,held_out,1,15.994719,measured,0.850000,8.298550,1398,-0.735363,0.197201,3.729010,16,14
90-6-3,90,6,held_out,1,15.994719,measured,0.950000,9.274850,1525,-0.111722,-0.061411,1.819248,16,14
90-6-3,90,6,held_out,1,15.994719,measured,1.000000,9.763000,1589,0.350709,-0.118987,2.947452,16,14
90-8-1,90,8,identification,5,-15.618910,boundary_condition,0.000000,0.000000,1,0.000000,0.000000,,0,0
90-8-1,90,8,identification,5,-15.618910,measured,0.281400,1.681694,1,0.000000,0.000000,,17,16
90-8-1,90,8,identification,5,-15.618910,measured,0.500000,2.988000,1793,7.429765,2.300156,3.230113,17,16
90-8-1,90,8,identification,5,-15.618910,measured,0.700000,4.183200,2130,15.914583,3.293200,4.832559,17,16
90-8-1,90,8,identification,5,-15.618910,measured,0.850000,5.079600,2307,21.198152,2.863287,7.403432,17,16
90-8-1,90,8,identification,5,-15.618910,measured,0.950000,5.677200,2435,27.123565,2.902394,9.345240,17,16
90-8-1,90,8,identification,5,-15.618910,measured,1.000000,5.976000,2499,28.926248,3.256428,8.882815,17,16
90-8-2,90,8,identification,5,-14.946321,boundary_condition,0.000000,0.000000,1,0.000000,0.000000,,0,0
90-8-2,90,8,identification,5,-14.946321,measured,0.231400,1.608992,1,0.000000,0.000000,,18,18
90-8-2,90,8,identification,5,-14.946321,measured,0.500000,3.476000,359,13.839068,-0.225309,61.422718,18,18
90-8-2,90,8,identification,5,-14.946321,measured,0.700000,4.866400,576,13.982630,0.657158,21.277415,18,18
90-8-2,90,8,identification,5,-14.946321,measured,0.850000,5.909200,724,13.724140,2.092078,6.560052,18,18
90-8-2,90,8,identification,5,-14.946321,measured,0.950000,6.604400,816,13.736188,2.727584,5.036028,18,18
90-8-2,90,8,identification,5,-14.946321,measured,1.000000,6.952000,862,13.478898,2.851124,4.727573,18,18
90-8-3,90,8,held_out,1,15.654976,boundary_condition,0.000000,0.000000,1,0.000000,0.000000,,0,0
90-8-3,90,8,held_out,1,15.654976,measured,0.239500,1.588897,1,0.000000,0.000000,,17,15
90-8-3,90,8,held_out,1,15.654976,measured,0.500000,3.317500,345,19.495135,2.203676,8.846645,17,15
90-8-3,90,8,held_out,1,15.654976,measured,0.700000,4.644500,566,21.071322,2.188076,9.630069,17,15
90-8-3,90,8,held_out,1,15.654976,measured,0.850000,5.639750,718,23.670979,2.757287,8.584879,17,15
90-8-3,90,8,held_out,1,15.654976,measured,0.950000,6.303250,817,19.943409,2.114727,9.430726,17,15
90-8-3,90,8,held_out,1,15.654976,measured,1.000000,6.635000,866,18.704073,2.410965,7.757920,17,15
